{"class_id": "com-snaplogic-export-project", "class_version": 1, "project_name": "Error Handling", "path": "snaplogic/Rich Dill/Error Handling", "entries": [{"class_fqid": "com-snaplogic-pipeline_9", "instance_version": 6, "link_serial": 135, "path_id": "/snaplogic/Rich Dill/Error Handling", "property_map": {"info": {"notes": {"value": null}, "author": {"value": "rdill+snaplabs@snaplogic.com"}, "purpose": {"value": null}, "pipeline_doc_uri": {"value": null}, "label": {"value": "write error log to sldb and send email"}}, "error": {"error_behavior": {"value": "none"}}, "settings": {"imports": {"value": []}, "error_param_table": {"value": []}, "error_pipeline": {"expression": false, "value": null}, "param_table": {"value": [{"capture": {"value": false}, "key": {"value": "pipelineName"}, "value": {"value": null}, "required": {"value": false}, "data_type": {"value": "string"}, "description": {"value": null}}, {"capture": {"value": false}, "key": {"value": "pipelineRuuid"}, "value": {"value": null}, "required": {"value": false}, "data_type": {"value": "string"}, "description": {"value": null}}, {"capture": {"value": false}, "key": {"value": "pipelineStartTime"}, "value": {"value": null}, "required": {"value": false}, "data_type": {"value": "string"}, "description": {"value": null}}, {"capture": {"value": false}, "key": {"value": "projectPath"}, "value": {"value": null}, "required": {"value": false}, "data_type": {"value": "string"}, "description": {"value": null}}, {"capture": {"value": false}, "key": {"value": "email"}, "value": {"value": null}, "required": {"value": false}, "data_type": {"value": "string"}, "description": {"value": null}}]}}, "instance_version": 5, "input": {"ab45d998-f506-4ceb-a16d-281f1d46f7b1_input0": {"label": {"value": "Copy - input0"}, "view_type": {"value": "document"}}}, "output": {"2f623548-7ea8-40fd-aefe-d9a2a675f724_output0": {"view_type": {"value": "document"}, "label": {"value": "Email Sender - output0"}}}}, "render_map": {"pan_x_num": 0, "default_snaplex": "5ac5b07b66ef27001d8b3fb4", "scale_ratio": 1, "detail_map": {"780dff29-0f57-4d1a-9de6-8d7d4fbbdc0c": {"grid_x_int": 3, "index": null, "recommendation_id": null, "output": {}, "source": "", "grid_y_int": 1, "rot_tail_int": 0, "error": {}, "input": {}, "rot_int": 0}, "2f623548-7ea8-40fd-aefe-d9a2a675f724": {"grid_x_int": 4, "index": null, "recommendation_id": null, "source": "snap catagory", "grid_y_int": 2, "rot_tail_int": 0, "rot_int": 0}, "654f7d2b-3366-4697-918b-bd710e0b43bf": {"grid_x_int": 3, "index": null, "recommendation_id": null, "output": {}, "source": "", "grid_y_int": 2, "rot_tail_int": 0, "error": {}, "input": {}, "rot_int": 0}, "cf9ff551-175b-4f12-b66e-89956868c530": {"grid_x_int": 5, "index": null, "recommendation_id": null, "source": "snap catagory", "grid_y_int": 1, "rot_tail_int": 0, "output": {}, "rot_int": 0}, "ab45d998-f506-4ceb-a16d-281f1d46f7b1": {"grid_x_int": 2, "input": {}, "index": null, "recommendation_id": null, "source": "snap catagory", "grid_y_int": 1, "rot_tail_int": 0, "error": {}, "output": {"output1": {"dx_int": 0, "rot_int": 0, "dy_int": 1}}, "rot_int": 0}, "8118f8b9-8f6f-4139-b0ae-65f422f9669d": {"grid_x_int": 4, "input": {}, "index": null, "recommendation_id": null, "source": "snap catagory", "grid_y_int": 1, "rot_tail_int": 0, "error": {}, "output": {}, "rot_int": 0}}, "pan_y_num": 0}, "snap_map": {"780dff29-0f57-4d1a-9de6-8d7d4fbbdc0c": {"class_fqid": "com-snaplogic-snaps-transform-datatransform_4-snapsmrc486", "class_id": "com-snaplogic-snaps-transform-datatransform", "class_version": 4, "instance_fqid": "780dff29-0f57-4d1a-9de6-8d7d4fbbdc0c_1", "instance_id": "780dff29-0f57-4d1a-9de6-8d7d4fbbdc0c", "instance_version": 1, "property_map": {"info": {"notes": {"value": null}, "label": {"value": "Map Error Records - File Write"}}, "view_serial": 101, "input": {"input101": {"label": {"value": "input0"}, "view_type": {"value": "document"}}}, "settings": {"nullSafeAccess": {"value": true}, "passThrough": {"value": false}, "transformations": {"value": {"mappingTable": {"value": [{"expression": {"expression": true, "value": "_pipelineName"}, "targetPath": {"value": "$pipelineName"}}, {"expression": {"expression": true, "value": "_projectPath"}, "targetPath": {"value": "$projectPath"}}, {"expression": {"expression": true, "value": "_pipelineRuuid"}, "targetPath": {"value": "$pipelineRuuid"}}, {"expression": {"expression": true, "value": "$snap_details.label"}, "targetPath": {"value": "$snapLabel"}}, {"expression": {"expression": true, "value": "(Date.parse(_pipelineStartTime)).toLocaleDateTimeString({\"format\":\"yyyy-MM-dd HH:mm:ss\"})"}, "targetPath": {"value": "$pipelineStartTime"}}, {"expression": {"expression": true, "value": "$error"}, "targetPath": {"value": "$error"}}, {"expression": {"expression": true, "value": "$reason"}, "targetPath": {"value": "$reason"}}, {"expression": {"expression": true, "value": "$resolution"}, "targetPath": {"value": "$resolution"}}, {"expression": {"expression": true, "value": "$stacktrace"}, "targetPath": {"value": "$stackTrace"}}, {"expression": {"expression": true, "value": "$original"}, "targetPath": {"value": "$payload"}}]}, "mappingRoot": {"value": "$"}}}}, "error": {"error0": {"view_type": {"value": "document"}, "label": {"value": "error0"}}, "error_behavior": {"value": "fail"}}, "output": {"output0": {"view_type": {"value": "document"}, "label": {"value": "output0"}}}}, "class_build_tag": "snapsmrc486"}, "2f623548-7ea8-40fd-aefe-d9a2a675f724": {"class_fqid": "com-snaplogic-snaps-email-emailsender_2-email5740", "class_id": "com-snaplogic-snaps-email-emailsender", "class_version": 2, "instance_fqid": "2f623548-7ea8-40fd-aefe-d9a2a675f724_2", "instance_id": "2f623548-7ea8-40fd-aefe-d9a2a675f724", "instance_version": 2, "property_map": {"info": {"notes": {"value": null}, "label": {"value": "Email Sender"}}, "view_serial": 101, "account": {"account_ref": {"value": "_email", "expression": true}}, "settings": {"cc": {"expression": false, "value": null}, "bcc": {"expression": false, "value": null}, "body": {"expression": true, "value": "'<p>Hi Team,</p>'+\n'<p>We have encountered errors while running the '+$pipelineName+' pipeline. Please see below for more details.</p>'+\n\n'<p><i>Pipeline Name</i> : '+$pipelineName+' </p>'+\n'<p><i>Project Path</i> : '+$projectPath+' </p>'+\n'<p><i>Pipeline Runtime ID</i> : '+$pipelineRuuid+' </p>'+\n'<p><i>Snap Label</i> : '+$snapLabel+' </p>'+\n'<p><i>Pipeline Start Time<i> : '+$pipelineStartTime+' </p>'+\n\n'<p><i>Error</i> : '+$error+' </p>'+\n'<p><i>Reason</i> : '+$reason+' </p>'+\n'<p><i>Resolution</i> : '+$resolution+' </p>'+\n'<p><i>StackTrace</i> : '+$stackTrace+' </p>'+\n'<p><i>Payload<i> : '+$payload+' </p>'+\n'<br/><br/>'+\n\n'<p>Regards,</p>'+\n'SnapLogic CP'"}, "retries": {"value": 3}, "execution_mode": {"value": "Validate & Execute"}, "from": {"expression": false, "value": "SnapLogic Control Plane"}, "subject": {"expression": true, "value": "'Errors running '+$pipelineName"}, "attachments": {"value": []}, "passThrough": {"value": false}, "emailType": {"value": "HTML text"}, "executable_during_suggest": {"value": false}, "batchSize": {"value": 100}, "to": {"expression": false, "value": "rdill@snaplogic.com"}, "tableDataPath": {"value": null}}, "output": {"output0": {"view_type": {"value": "document"}, "label": {"value": "output0"}}}, "error": {"error0": {"view_type": {"value": "document"}, "label": {"value": "error0"}}, "error_behavior": {"value": "fail"}}, "input": {"input101": {"label": {"value": "input0"}, "view_type": {"value": "document"}}}}, "class_build_tag": "email5740"}, "654f7d2b-3366-4697-918b-bd710e0b43bf": {"class_fqid": "com-snaplogic-snaps-transform-datatransform_4-snapsmrc486", "class_id": "com-snaplogic-snaps-transform-datatransform", "class_version": 4, "instance_fqid": "654f7d2b-3366-4697-918b-bd710e0b43bf_1", "instance_id": "654f7d2b-3366-4697-918b-bd710e0b43bf", "instance_version": 1, "property_map": {"info": {"notes": {"value": null}, "label": {"value": "Map Error Records - EMail"}}, "view_serial": 101, "input": {"input101": {"label": {"value": "input0"}, "view_type": {"value": "document"}}}, "settings": {"nullSafeAccess": {"value": true}, "passThrough": {"value": false}, "transformations": {"value": {"mappingTable": {"value": [{"targetPath": {"value": "$pipelineName"}, "expression": {"expression": true, "value": "_pipelineName"}}, {"targetPath": {"value": "$projectPath"}, "expression": {"expression": true, "value": "_projectPath"}}, {"targetPath": {"value": "$pipelineRuuid"}, "expression": {"expression": true, "value": "_pipelineRuuid"}}, {"targetPath": {"value": "$snapLabel"}, "expression": {"expression": true, "value": "$snap_details.label"}}, {"targetPath": {"value": "$pipelineStartTime"}, "expression": {"expression": true, "value": "(Date.parse(_pipelineStartTime)).toLocaleDateTimeString({\"format\":\"yyyy-MM-dd HH:mm:ss\"})"}}, {"targetPath": {"value": "$error"}, "expression": {"expression": true, "value": "$error"}}, {"targetPath": {"value": "$reason"}, "expression": {"expression": true, "value": "$reason"}}, {"targetPath": {"value": "$resolution"}, "expression": {"expression": true, "value": "$resolution"}}, {"targetPath": {"value": "$stackTrace"}, "expression": {"expression": true, "value": "$stacktrace"}}, {"targetPath": {"value": "$payload"}, "expression": {"expression": true, "value": "$original"}}]}, "mappingRoot": {"value": "$"}}}}, "error": {"error0": {"view_type": {"value": "document"}, "label": {"value": "error0"}}, "error_behavior": {"value": "fail"}}, "output": {"output0": {"view_type": {"value": "document"}, "label": {"value": "output0"}}}}, "class_build_tag": "snapsmrc486"}, "cf9ff551-175b-4f12-b66e-89956868c530": {"class_fqid": "com-snaplogic-snaps-binary-write_3-snapsmrc490", "class_id": "com-snaplogic-snaps-binary-write", "class_version": 3, "instance_fqid": "cf9ff551-175b-4f12-b66e-89956868c530_2", "instance_id": "cf9ff551-175b-4f12-b66e-89956868c530", "instance_version": 2, "property_map": {"info": {"notes": {"value": null}, "label": {"value": "File Writer"}}, "view_serial": 100, "account": {"account_ref": {"expression": false, "value": {}}}, "settings": {"flushIntervalKb": {"value": -1}, "UserPermissionsKey": {"value": []}, "retries": {"expression": false, "value": 0}, "cannedAcls": {"value": "None"}, "filename": {"value": "errors.json", "expression": false}, "execution_mode": {"value": "Execute only"}, "preventURLEncoding": {"value": false}, "writeEmptyFile": {"value": false}, "writeHeader": {"value": false}, "retryInterval": {"expression": false, "value": 1}, "createDir": {"value": false}, "fileAction": {"value": "OVERWRITE"}, "advancedProperties": {"value": []}, "validate": {"value": false}, "executable_during_suggest": {"value": false}}, "error": {"error0": {"view_type": {"value": "document"}, "label": {"value": "error0"}}, "error_behavior": {"value": "fail"}}, "input": {"input0": {"view_type": {"value": "binary"}, "label": {"value": "input0"}}}, "output": {}}, "class_build_tag": "snapsmrc490"}, "ab45d998-f506-4ceb-a16d-281f1d46f7b1": {"class_fqid": "com-snaplogic-snaps-flow-copy_1-snapsmrc486", "class_id": "com-snaplogic-snaps-flow-copy", "class_version": 1, "instance_fqid": "ab45d998-f506-4ceb-a16d-281f1d46f7b1_1", "instance_id": "ab45d998-f506-4ceb-a16d-281f1d46f7b1", "instance_version": 1, "property_map": {"info": {"notes": {"value": null}, "label": {"value": "Copy"}}, "view_serial": 101, "input": {"input0": {"label": {"value": "input0"}, "view_type": {"value": "document"}}}, "settings": {}, "error": {"error0": {"label": {"value": "error0"}, "view_type": {"value": "document"}}, "error_behavior": {"value": "fail"}}, "output": {"output0": {"label": {"value": "output0"}, "view_type": {"value": "document"}}, "output1": {"label": {"value": "output1"}, "view_type": {"value": "document"}}}}, "class_build_tag": "snapsmrc486"}, "8118f8b9-8f6f-4139-b0ae-65f422f9669d": {"class_fqid": "com-snaplogic-snaps-transform-jsonformatter_2-snapsmrc486", "class_id": "com-snaplogic-snaps-transform-jsonformatter", "class_version": 2, "instance_fqid": "8118f8b9-8f6f-4139-b0ae-65f422f9669d_1", "instance_id": "8118f8b9-8f6f-4139-b0ae-65f422f9669d", "instance_version": 1, "property_map": {"info": {"notes": {"value": null}, "label": {"value": "JSON Formatter"}}, "view_serial": 100, "input": {"input0": {"view_type": {"value": "document"}, "label": {"value": "input0"}}}, "settings": {"prettyPrint": {"value": false}, "contentPath": {"value": "$"}, "jsonLines": {"value": false}, "ignoreEmptyStream": {"value": true}, "header": {"value": [{"expression": {"expression": true, "value": null}, "targetPath": {"value": null}}]}, "formatSingleDocument": {"value": false}, "schema": {"expression": false, "value": null}}, "error": {"error0": {"view_type": {"value": "binary"}, "label": {"value": "error0"}}, "error_behavior": {"value": "fail"}}, "output": {"output0": {"view_type": {"value": "binary"}, "label": {"value": "output0"}}}}, "class_build_tag": "snapsmrc486"}}, "link_map": {"link125": {"src_view_id": "output0", "dst_view_id": "input0", "src_id": "8118f8b9-8f6f-4139-b0ae-65f422f9669d", "dst_id": "cf9ff551-175b-4f12-b66e-89956868c530"}, "link128": {"src_view_id": "output1", "dst_view_id": "input101", "src_id": "ab45d998-f506-4ceb-a16d-281f1d46f7b1", "dst_id": "654f7d2b-3366-4697-918b-bd710e0b43bf"}, "link129": {"src_view_id": "output0", "dst_view_id": "input0", "src_id": "780dff29-0f57-4d1a-9de6-8d7d4fbbdc0c", "dst_id": "8118f8b9-8f6f-4139-b0ae-65f422f9669d"}, "link131": {"src_view_id": "output0", "dst_view_id": "input101", "src_id": "654f7d2b-3366-4697-918b-bd710e0b43bf", "dst_id": "2f623548-7ea8-40fd-aefe-d9a2a675f724"}, "link130": {"src_view_id": "output0", "dst_view_id": "input101", "src_id": "ab45d998-f506-4ceb-a16d-281f1d46f7b1", "dst_id": "780dff29-0f57-4d1a-9de6-8d7d4fbbdc0c"}}, "class_id": "com-snaplogic-pipeline", "class_version": 9, "instance_id": "280ef0f2-ce21-42cc-a819-31476d8fd120", "instance_fqid": "280ef0f2-ce21-42cc-a819-31476d8fd120_6", "create_time": {"$date": "2025-10-20T21:18:28.739Z"}, "update_time": {"$date": "2025-10-21T14:55:26.025Z"}, "update_user_id": "rdill+snaplabs@snaplogic.com", "create_user_id": "rdill+snaplabs@snaplogic.com", "migrate_version": "main-35302", "scrub_backup": [], "scrub_version": "bd5ad2571a0eafe60808d55c3e16c0f8e0ae08d67f5369bb3ad9c1921556eb14", "ai_map": {"footprint": "H4sIAAAAAAAAA8srzckBAE/8yyUEAAAA"}, "path": "/snaplogic/Rich Dill/Error Handling/write error log to sldb and send email", "snode_id": "68f6a7241b080c1e8d0bf9ea", "project_snode_id": "68f2581ef11e74083f1884cb", "partition_snode_id": "65ef71984520a785b60dfa83", "name": "write error log to sldb and send email", "org_id": "645f253d38d05f275aebc8b8", "org_snode_id": "645f253d38d05f275aebc8b8"}, {"class_fqid": "com-snaplogic-pipeline_9", "instance_version": 6, "link_serial": 101, "path_id": "/snaplogic/Rich Dill/Error Handling", "property_map": {"info": {"notes": {"value": null}, "label": {"value": "Simple Error Handler"}, "purpose": {"value": null}, "pipeline_doc_uri": {"value": null}, "author": {"value": "rdill+snaplabs@snaplogic.com"}}, "error": {"error_behavior": {"value": "none"}}, "settings": {"imports": {"value": []}, "error_param_table": {"value": []}, "param_table": {"value": [{"capture": {"value": false}, "key": {"value": "filename"}, "value": {"value": null}, "required": {"value": false}, "data_type": {"value": "string"}, "description": {"value": null}}]}, "error_pipeline": {"expression": false, "value": null}}, "instance_version": 5, "input": {"390b90cf-d1f6-4941-a823-3f658788c4d3_input0": {"view_type": {"value": "document"}, "label": {"value": "JSON Formatter - input0"}}}, "output": {}}, "render_map": {"pan_x_num": 0, "default_snaplex": "52d8b369c8c71369f3e890b4", "scale_ratio": 1, "detail_map": {"649ee3fc-a5a3-47d3-a052-02f2317f6cc3": {"grid_x_int": 3, "grid_y_int": 1, "rot_tail_int": 0, "output": {}, "rot_int": 0}, "390b90cf-d1f6-4941-a823-3f658788c4d3": {"grid_x_int": 2, "error": {}, "grid_y_int": 1, "rot_tail_int": 0, "input": {}, "output": {}, "rot_int": 0}}, "pan_y_num": 0}, "snap_map": {"649ee3fc-a5a3-47d3-a052-02f2317f6cc3": {"class_fqid": "com-snaplogic-snaps-binary-write_3-snapsrc881", "class_id": "com-snaplogic-snaps-binary-write", "class_version": 3, "instance_fqid": "649ee3fc-a5a3-47d3-a052-02f2317f6cc3_3", "instance_id": "649ee3fc-a5a3-47d3-a052-02f2317f6cc3", "instance_version": 3, "property_map": {"info": {"notes": {"value": null}, "label": {"value": "File Writer"}}, "view_serial": 100, "account": {"account_ref": {"expression": false, "value": {}}}, "settings": {"flushIntervalKb": {"value": -1}, "UserPermissionsKey": {"value": []}, "retries": {"value": 0, "expression": false}, "cannedAcls": {"value": "None"}, "filename": {"expression": true, "value": "$[pipe.ruuid + 'errorlog' + '.json']"}, "execution_mode": {"value": "Execute only"}, "preventURLEncoding": {"value": false}, "writeEmptyFile": {"value": false}, "writeHeader": {"value": false}, "retryInterval": {"value": 1, "expression": false}, "createDir": {"value": false}, "fileAction": {"value": "OVERWRITE"}, "advancedProperties": {"value": []}, "validate": {"value": false}, "executable_during_suggest": {"value": false}}, "error": {"error0": {"view_type": {"value": "document"}, "label": {"value": "error0"}}, "error_behavior": {"value": "fail"}}, "input": {"input0": {"view_type": {"value": "binary"}, "label": {"value": "input0"}}}, "output": {}}, "class_build_tag": "snapsrc881"}, "390b90cf-d1f6-4941-a823-3f658788c4d3": {"class_fqid": "com-snaplogic-snaps-transform-jsonformatter_2-snapsrc881", "class_id": "com-snaplogic-snaps-transform-jsonformatter", "class_version": 2, "instance_fqid": "390b90cf-d1f6-4941-a823-3f658788c4d3_1", "instance_id": "390b90cf-d1f6-4941-a823-3f658788c4d3", "instance_version": 1, "property_map": {"info": {"notes": {"value": null}, "label": {"value": "JSON Formatter"}}, "view_serial": 100, "input": {"input0": {"view_type": {"value": "document"}, "label": {"value": "input0"}}}, "settings": {"prettyPrint": {"value": false}, "contentPath": {"value": "$"}, "jsonLines": {"value": false}, "ignoreEmptyStream": {"value": false}, "header": {"value": [{"expression": {"expression": true, "value": "'error-%s-%s-%s.json'.sprintf(pipe.parentRuuid, snap.in.totalCount, 'snap_details' in $ ? $snap_details.label : 'unknown')"}, "targetPath": {"value": "$['content-location']"}}]}, "formatSingleDocument": {"value": true}}, "error": {"error0": {"view_type": {"value": "binary"}, "label": {"value": "error0"}}, "error_behavior": {"value": "fail"}}, "output": {"output0": {"view_type": {"value": "binary"}, "label": {"value": "output0"}}}}, "class_build_tag": "snapsrc881"}}, "link_map": {"link100": {"src_view_id": "output0", "dst_view_id": "input0", "src_id": "390b90cf-d1f6-4941-a823-3f658788c4d3", "dst_id": "649ee3fc-a5a3-47d3-a052-02f2317f6cc3"}}, "class_id": "com-snaplogic-pipeline", "class_version": 9, "instance_id": "49ed41c3-df7a-45b7-b8e2-30d48f5e6255", "instance_fqid": "49ed41c3-df7a-45b7-b8e2-30d48f5e6255_6", "create_time": {"$date": "2025-10-20T21:18:10.501Z"}, "update_time": {"$date": "2025-10-21T14:58:04.942Z"}, "update_user_id": "rdill+snaplabs@snaplogic.com", "create_user_id": "rdill+snaplabs@snaplogic.com", "migrate_version": "main-35302", "scrub_backup": [], "scrub_version": "bd5ad2571a0eafe60808d55c3e16c0f8e0ae08d67f5369bb3ad9c1921556eb14", "ai_map": {"footprint": "H4sIAAAAAAAAA8srzckBAE/8yyUEAAAA"}, "path": "/snaplogic/Rich Dill/Error Handling/Simple Error Handler", "snode_id": "68f6a71227c4262971905d92", "project_snode_id": "68f2581ef11e74083f1884cb", "partition_snode_id": "65ef71984520a785b60dfa83", "name": "Simple Error Handler", "org_id": "645f253d38d05f275aebc8b8", "org_snode_id": "645f253d38d05f275aebc8b8"}, {"class_fqid": "com-snaplogic-pipeline_9", "instance_version": 1, "link_serial": 167, "path_id": "/snaplogic/Rich Dill/Error Handling", "property_map": {"info": {"notes": {"value": null}, "author": {"value": "rdill@snaplogic.com"}, "purpose": {"value": null}, "pipeline_doc_uri": {"value": null}, "label": {"value": "error pipeline - write error file to sldb"}}, "error": {"error_behavior": {"value": "none"}}, "settings": {"imports": {"value": []}, "error_pipeline": {"expression": false, "value": null}, "error_param_table": {"value": []}, "param_table": {"value": [{"capture": {"value": true}, "key": {"value": "pipelineName"}, "value": {"value": null}, "required": {"value": false}, "data_type": {"value": "string"}, "description": {"value": null}}, {"capture": {"value": true}, "key": {"value": "pipelineRuuid"}, "value": {"value": null}, "required": {"value": false}, "data_type": {"value": "string"}, "description": {"value": null}}, {"capture": {"value": true}, "key": {"value": "pipelineStartTime"}, "value": {"value": null}, "required": {"value": false}, "data_type": {"value": "string"}, "description": {"value": null}}, {"capture": {"value": true}, "key": {"value": "projectPath"}, "value": {"value": null}, "required": {"value": false}, "data_type": {"value": "string"}, "description": {"value": null}}, {"capture": {"value": true}, "key": {"value": "ids"}, "value": {"value": null}, "required": {"value": false}, "data_type": {"value": "string"}, "description": {"value": null}}, {"capture": {"value": true}, "key": {"value": "externalAlertIds"}, "value": {"value": null}, "required": {"value": false}, "data_type": {"value": "string"}, "description": {"value": null}}, {"capture": {"value": true}, "key": {"value": "from"}, "value": {"value": null}, "required": {"value": false}, "data_type": {"value": "string"}, "description": {"value": null}}]}, "suspendable": {"value": false}, "cache_pipelines": {"value": []}}, "input": {"0b4bea67-d2be-41ae-949c-066a2a044704_input0": {"view_type": {"value": "document"}, "label": {"value": "CR Pipeline Identifier - input0"}}}, "output": {}}, "render_map": {"pan_x_num": 0, "default_snaplex": "5ac5b07b66ef27001d8b3fb4", "scale_ratio": 1, "detail_map": {"0b4bea67-d2be-41ae-949c-066a2a044704": {"grid_x_int": 2, "index": null, "recommendation_id": null, "output": {}, "source": "", "grid_y_int": 1, "rot_tail_int": 0, "error": {}, "input": {}, "rot_int": 0}, "15376596-a483-4fad-a1d6-12ca00d87084": {"grid_x_int": 5, "input": {}, "index": null, "recommendation_id": null, "source": "snap catagory", "grid_y_int": 1, "rot_tail_int": 0, "error": {}, "output": {}, "rot_int": 0}, "2610e890-cc79-4dd4-b380-af1e49ad35d2": {"grid_x_int": 3, "input": {}, "index": null, "recommendation_id": null, "source": "", "grid_y_int": 1, "rot_tail_int": 0, "error": {}, "output": {}, "rot_int": 0}, "a6452c77-6889-485e-bf42-c62e083bc49e": {"grid_x_int": 4, "input": {}, "index": null, "recommendation_id": null, "source": "snap catagory", "grid_y_int": 1, "rot_tail_int": 0, "error": {}, "output": {}, "rot_int": 0}}, "pan_y_num": 0}, "snap_map": {"2610e890-cc79-4dd4-b380-af1e49ad35d2": {"class_fqid": "com-snaplogic-snaps-transform-datatransform_4-snapsmrc486", "class_id": "com-snaplogic-snaps-transform-datatransform", "class_version": 4, "instance_fqid": "2610e890-cc79-4dd4-b380-af1e49ad35d2_1", "instance_id": "2610e890-cc79-4dd4-b380-af1e49ad35d2", "instance_version": 1, "property_map": {"info": {"notes": {"value": null}, "label": {"value": "Map Error Records - EMail"}}, "view_serial": 101, "input": {"input101": {"view_type": {"value": "document"}, "label": {"value": "input0"}}}, "settings": {"nullSafeAccess": {"value": true}, "passThrough": {"value": false}, "execution_mode": {"value": "Validate & Execute"}, "transformations": {"value": {"mappingTable": {"value": [{"targetPath": {"value": "$pipelineName"}, "expression": {"expression": true, "value": "_pipelineName"}}, {"targetPath": {"value": "$projectPath"}, "expression": {"expression": true, "value": "_projectPath"}}, {"targetPath": {"value": "$snapLabel"}, "expression": {"expression": true, "value": "$snap_details.label"}}, {"targetPath": {"value": "$pipelineStartTime"}, "expression": {"expression": true, "value": "(Date.parse(_pipelineStartTime)).toLocaleDateTimeString({\"format\":\"yyyy-MM-dd HH:mm:ss\"})"}}, {"targetPath": {"value": "$warning"}, "expression": {"expression": true, "value": "$warning"}}, {"targetPath": {"value": "$payload"}, "expression": {"expression": true, "value": "$original"}}, {"targetPath": {"value": "$error"}, "expression": {"expression": true, "value": "$error"}}, {"targetPath": {"value": "$reason"}, "expression": {"expression": true, "value": "$reason"}}, {"targetPath": {"value": "$pipelineIdentifier"}, "expression": {"expression": true, "value": "$pipelineIdentifier"}}]}, "mappingRoot": {"value": "$"}}}}, "error": {"error0": {"label": {"value": "error0"}, "view_type": {"value": "document"}}, "error_behavior": {"value": "fail"}}, "output": {"output0": {"label": {"value": "output0"}, "view_type": {"value": "document"}}}}, "class_build_tag": "snapsmrc486"}, "0b4bea67-d2be-41ae-949c-066a2a044704": {"class_fqid": "com-snaplogic-snaps-transform-datatransform_4-snapsmrc528", "class_id": "com-snaplogic-snaps-transform-datatransform", "class_version": 4, "instance_fqid": "0b4bea67-d2be-41ae-949c-066a2a044704_1", "instance_id": "0b4bea67-d2be-41ae-949c-066a2a044704", "instance_version": 1, "property_map": {"info": {"notes": {"value": null}, "label": {"value": "CR Pipeline Identifier"}}, "view_serial": 100, "input": {"input0": {"view_type": {"value": "document"}, "label": {"value": "input0"}}}, "settings": {"nullSafeAccess": {"value": false}, "passThrough": {"value": true}, "execution_mode": {"value": "Validate & Execute"}, "transformations": {"value": {"mappingTable": {"value": [{"expression": {"expression": true, "value": "_pipelineRuuid + '_' + Date.now().getTime()"}, "targetPath": {"value": "$pipelineIdentifier"}}, {"expression": {"expression": true, "value": "Date.now().toLocaleDateTimeString({\"format\":\"yyyy-MM-dd HH:mm:ss\"})"}, "targetPath": {"value": "$inputTime"}}]}, "mappingRoot": {"value": "$"}}}}, "error": {"error0": {"view_type": {"value": "document"}, "label": {"value": "error0"}}, "error_behavior": {"value": "fail"}}, "output": {"output0": {"view_type": {"value": "document"}, "label": {"value": "output0"}}}}, "class_build_tag": "snapsmrc528"}, "a6452c77-6889-485e-bf42-c62e083bc49e": {"class_fqid": "com-snaplogic-snaps-transform-jsonformatter_2-snapsmrc542", "class_id": "com-snaplogic-snaps-transform-jsonformatter", "class_version": 2, "instance_fqid": "a6452c77-6889-485e-bf42-c62e083bc49e_1", "instance_id": "a6452c77-6889-485e-bf42-c62e083bc49e", "instance_version": 1, "property_map": {"info": {"notes": {"value": null}, "label": {"value": "JSON Formatter"}}, "view_serial": 100, "input": {"input0": {"label": {"value": "input0"}, "view_type": {"value": "document"}}}, "settings": {"deriveSchemaLimit": {"value": "None"}, "execution_mode": {"value": "Validate & Execute"}, "prettyPrint": {"value": false}, "contentPath": {"value": "$"}, "jsonLines": {"value": false}, "ignoreEmptyStream": {"value": true}, "header": {"value": [{"expression": {"expression": true, "value": "$pipelineIdentifier"}, "targetPath": {"value": "$pipelineIdentifier"}}]}, "formatSingleDocument": {"value": true}, "schema": {"expression": false, "value": null}}, "error": {"error0": {"label": {"value": "error0"}, "view_type": {"value": "binary"}}, "error_behavior": {"value": "fail"}}, "output": {"output0": {"label": {"value": "output0"}, "view_type": {"value": "binary"}}}}, "class_build_tag": "snapsmrc542"}, "15376596-a483-4fad-a1d6-12ca00d87084": {"class_fqid": "com-snaplogic-snaps-binary-write_3-snapsmrc542", "class_id": "com-snaplogic-snaps-binary-write", "class_version": 3, "instance_fqid": "15376596-a483-4fad-a1d6-12ca00d87084_1", "instance_id": "15376596-a483-4fad-a1d6-12ca00d87084", "instance_version": 1, "property_map": {"info": {"notes": {"value": null}, "label": {"value": "File Writer"}}, "view_serial": 100, "account": {"account_ref": {"expression": false, "value": {}}}, "settings": {"retryInterval": {"expression": false, "value": 1}, "retries": {"expression": false, "value": 0}, "execution_mode": {"value": "Execute only"}, "flushIntervalKb": {"value": -1}, "writeHeader": {"value": false}, "createDir": {"value": false}, "executable_during_suggest": {"value": false}, "filename": {"expression": true, "value": "$pipelineIdentifier + '.json'"}, "writeEmptyFile": {"value": false}, "UserPermissionsKey": {"value": []}, "advancedProperties": {"value": []}, "validate": {"value": false}, "fileAction": {"value": "OVERWRITE"}}, "error": {"error0": {"view_type": {"value": "document"}, "label": {"value": "error0"}}, "error_behavior": {"value": "fail"}}, "input": {"input0": {"view_type": {"value": "binary"}, "label": {"value": "input0"}}}}, "class_build_tag": "snapsmrc542"}}, "link_map": {"link163": {"src_view_id": "output0", "dst_view_id": "input0", "src_id": "2610e890-cc79-4dd4-b380-af1e49ad35d2", "dst_id": "a6452c77-6889-485e-bf42-c62e083bc49e"}, "link166": {"src_view_id": "output0", "dst_view_id": "input101", "src_id": "0b4bea67-d2be-41ae-949c-066a2a044704", "dst_id": "2610e890-cc79-4dd4-b380-af1e49ad35d2"}, "link156": {"src_view_id": "output0", "dst_view_id": "input0", "src_id": "a6452c77-6889-485e-bf42-c62e083bc49e", "dst_id": "15376596-a483-4fad-a1d6-12ca00d87084"}}, "class_id": "com-snaplogic-pipeline", "class_version": 9, "instance_id": "76b999d4-6283-4f4a-9005-485794f51e23", "instance_fqid": "76b999d4-6283-4f4a-9005-485794f51e23_1", "create_time": {"$date": "2025-10-20T21:19:57.872Z"}, "update_time": {"$date": "2025-10-20T21:19:57.894Z"}, "update_user_id": "rdill+snaplabs@snaplogic.com", "create_user_id": "rdill+snaplabs@snaplogic.com", "migrate_version": "main-35302", "scrub_backup": [], "scrub_version": "bd5ad2571a0eafe60808d55c3e16c0f8e0ae08d67f5369bb3ad9c1921556eb14", "path": "/snaplogic/Rich Dill/Error Handling/error pipeline - write error file to sldb", "snode_id": "68f6a77df11e74083f1888fa", "project_snode_id": "68f2581ef11e74083f1884cb", "partition_snode_id": "65ef71984520a785b60dfa83", "name": "error pipeline - write error file to sldb", "org_id": "645f253d38d05f275aebc8b8", "org_snode_id": "645f253d38d05f275aebc8b8"}, {"class_fqid": "com-snaplogic-pipeline_9", "instance_version": 9, "link_serial": 121, "path_id": "/snaplogic/Rich Dill/Error Handling", "property_map": {"info": {"notes": {"value": null}, "author": {"value": "rdill+snaplabs@snaplogic.com"}, "purpose": {"value": null}, "pipeline_doc_uri": {"value": null}, "label": {"value": "Error Handling, mapping and send email"}}, "error": {"error_behavior": {"value": "none"}}, "settings": {"param_table": {"value": [{"capture": {"value": false}, "key": {"value": "Import"}, "value": {"value": null}, "required": {"value": false}, "data_type": {"value": "string"}, "description": {"value": null}}, {"capture": {"value": false}, "key": {"value": "Export"}, "value": {"value": null}, "required": {"value": false}, "data_type": {"value": "string"}, "description": {"value": null}}, {"capture": {"value": false}, "key": {"value": "Upload"}, "value": {"value": null}, "required": {"value": false}, "data_type": {"value": "string"}, "description": {"value": null}}, {"capture": {"value": false}, "key": {"value": "Email"}, "value": {"value": null}, "required": {"value": false}, "data_type": {"value": "string"}, "description": {"value": null}}]}, "suspendable": {"value": false}, "error_pipeline": {"value": null, "expression": false}, "error_param_table": {"value": []}, "imports": {"value": []}, "cache_pipelines": {"value": []}}, "instance_version": 8, "input": {"25f30fd7-3e83-40f6-970b-0225c4fb73c4_input0": {"label": {"value": "Set Export Flag - input0"}, "view_type": {"value": "document"}}, "2ac054b9-5e4b-421a-b9bc-d746406aca64_input0": {"view_type": {"value": "document"}, "label": {"value": "Set Upload Flag - input0"}}, "21fdd345-7bb4-4228-9ccb-84f7141dce13_input0": {"view_type": {"value": "document"}, "label": {"value": "Set Import Flag - input0"}}}, "output": {}}, "render_map": {"pan_x_num": 0, "default_snaplex": "5592aedbfc6c8e0c73a78a83", "scale_ratio": 1, "detail_map": {"25f30fd7-3e83-40f6-970b-0225c4fb73c4": {"grid_x_int": 1, "error": {}, "grid_y_int": 3, "rot_tail_int": 0, "input": {}, "output": {}, "rot_int": 0}, "796dc291-7b78-463f-9bc7-c5e961d89196": {"grid_x_int": 6, "error": {}, "grid_y_int": 3, "rot_tail_int": 0, "input": {}, "output": {}, "rot_int": 0}, "2ac054b9-5e4b-421a-b9bc-d746406aca64": {"grid_x_int": 1, "error": {}, "grid_y_int": 4, "rot_tail_int": 0, "input": {}, "output": {}, "rot_int": 0}, "e011d8ce-5065-457b-bab9-c437c90f92a7": {"grid_x_int": 5, "error": {}, "grid_y_int": 5, "rot_tail_int": 0, "input": {}, "output": {}, "rot_int": 0}, "d46ff8ca-62f5-4777-8cd5-7435f011a399": {"grid_x_int": 4, "error": {}, "grid_y_int": 3, "rot_tail_int": 0, "input": {}, "output": {}, "rot_int": 0}, "52c15975-f205-491b-bc6a-7c317806b617": {"grid_x_int": 10, "rot_int": 0, "grid_y_int": 4, "rot_tail_int": 0}, "dc93e34f-5702-49e2-8e8a-572a858d177e": {"grid_x_int": 3, "error": {}, "grid_y_int": 2, "rot_tail_int": 0, "input": {}, "output": {"output1": {"dx_int": 0, "rot_int": 0, "dy_int": 1}, "output101": {"dx_int": 0, "rot_int": 0, "dy_int": 2}}, "rot_int": 0}, "d07716e3-9a7c-48aa-ac68-280c5ab831df": {"grid_x_int": 4, "error": {}, "grid_y_int": 2, "rot_tail_int": 0, "input": {}, "output": {}, "rot_int": 0}, "ac60a0c5-7b56-40dc-83de-bb27101aa31d": {"grid_x_int": 5, "grid_y_int": 2, "rot_tail_int": 0, "rot_int": 0}, "01503871-c396-4f2b-8d48-41e637374f34": {"grid_x_int": 4, "error": {}, "grid_y_int": 4, "rot_tail_int": 0, "input": {}, "output": {"output1": {"dx_int": 0, "rot_int": 0, "dy_int": 1}}, "rot_int": 0}, "a3218eed-6d4a-473e-9061-2a3243f034d9": {"grid_x_int": 12, "error": {}, "grid_y_int": 4, "rot_tail_int": 0, "input": {}, "output": {}, "rot_int": 0}, "1b5b5621-9ac6-43f0-9094-2549e82a03c8": {"grid_x_int": 2, "error": {}, "grid_y_int": 2, "rot_tail_int": 0, "input": {"input1": {"dx_int": 0, "rot_int": 0, "dy_int": 1}, "input101": {"dx_int": 0, "rot_int": 0, "dy_int": 2}}, "output": {}, "rot_int": 0}, "f949ac4b-9b0d-40ad-bd23-01e890f50a81": {"grid_x_int": 5, "error": {}, "grid_y_int": 4, "rot_tail_int": 0, "input": {}, "output": {}, "rot_int": 0}, "021912a9-f774-42c4-a2ec-ae06569ef5c7": {"grid_x_int": 9, "error": {}, "grid_y_int": 4, "rot_tail_int": 0, "input": {"input1": {"dx_int": 0, "rot_int": 0, "dy_int": 1}}, "output": {}, "rot_int": 0}, "521741f6-84c5-40da-90d0-9fa9c01f2379": {"grid_x_int": 6, "error": {}, "grid_y_int": 2, "rot_tail_int": 0, "input": {}, "output": {}, "rot_int": 0}, "4d0a2de3-0499-43d4-8c86-5372f8e87288": {"grid_x_int": 11, "error": {}, "grid_y_int": 4, "rot_tail_int": 0, "input": {}, "output": {}, "rot_int": 0}, "475e130f-c319-4132-ba87-8c62cd674868": {"grid_x_int": 5, "grid_y_int": 3, "rot_tail_int": 0, "rot_int": 0}, "2f143d23-cd69-45a3-a891-577bf849f18b": {"grid_x_int": 6, "error": {}, "grid_y_int": 5, "rot_tail_int": 0, "input": {}, "output": {}, "rot_int": 0}, "ba88e0ff-b324-43a2-a419-4de80d96ada3": {"grid_x_int": 8, "error": {}, "grid_y_int": 5, "rot_tail_int": 0, "input": {}, "output": {}, "rot_int": 0}, "8d2409b6-3b27-4d36-bd50-a6d7864e0244": {"grid_x_int": 7, "error": {}, "grid_y_int": 5, "rot_tail_int": 0, "input": {}, "output": {}, "rot_int": 0}, "21fdd345-7bb4-4228-9ccb-84f7141dce13": {"grid_x_int": 1, "error": {}, "grid_y_int": 2, "rot_tail_int": 0, "input": {}, "output": {}, "rot_int": 0}}, "pan_y_num": 0}, "snap_map": {"25f30fd7-3e83-40f6-970b-0225c4fb73c4": {"class_fqid": "com-snaplogic-snaps-transform-datatransform_4-snapsmrc330", "class_id": "com-snaplogic-snaps-transform-datatransform", "class_version": 4, "instance_fqid": "25f30fd7-3e83-40f6-970b-0225c4fb73c4_1", "instance_id": "25f30fd7-3e83-40f6-970b-0225c4fb73c4", "instance_version": 1, "property_map": {"info": {"notes": {"value": null}, "label": {"value": "Set Export Flag"}}, "view_serial": 100, "input": {"input0": {"label": {"value": "input0"}, "view_type": {"value": "document"}}}, "settings": {"nullSafeAccess": {"value": false}, "passThrough": {"value": true}, "transformations": {"value": {"mappingTable": {"value": [{"expression": {"expression": false, "value": "Export"}, "targetPath": {"value": "$error_type"}}]}, "mappingRoot": {"value": "$"}}}}, "error": {"error0": {"label": {"value": "error0"}, "view_type": {"value": "document"}}, "error_behavior": {"value": "fail"}}, "output": {"output0": {"label": {"value": "output0"}, "view_type": {"value": "document"}}}}, "class_build_tag": "snapsmrc330"}, "796dc291-7b78-463f-9bc7-c5e961d89196": {"class_fqid": "com-snaplogic-snaps-flow-exit_1-snapsmrc330", "class_id": "com-snaplogic-snaps-flow-exit", "class_version": 1, "instance_fqid": "796dc291-7b78-463f-9bc7-c5e961d89196_1", "instance_id": "796dc291-7b78-463f-9bc7-c5e961d89196", "instance_version": 1, "property_map": {"info": {"notes": {"value": null}, "label": {"value": "Exit Export Error"}}, "view_serial": 100, "settings": {"KeyThresholdLimit": {"expression": false, "value": 1}, "KeyErrorMsg": {"expression": false, "value": "Export failed"}}, "input": {"input0": {"label": {"value": "input0"}, "view_type": {"value": "document"}}}, "error": {"error_behavior": {"value": "fail"}}}, "class_build_tag": "snapsmrc330"}, "2ac054b9-5e4b-421a-b9bc-d746406aca64": {"class_fqid": "com-snaplogic-snaps-transform-datatransform_4-snapsmrc330", "class_id": "com-snaplogic-snaps-transform-datatransform", "class_version": 4, "instance_fqid": "2ac054b9-5e4b-421a-b9bc-d746406aca64_1", "instance_id": "2ac054b9-5e4b-421a-b9bc-d746406aca64", "instance_version": 1, "property_map": {"info": {"notes": {"value": null}, "label": {"value": "Set Upload Flag"}}, "view_serial": 100, "input": {"input0": {"view_type": {"value": "document"}, "label": {"value": "input0"}}}, "settings": {"nullSafeAccess": {"value": false}, "passThrough": {"value": true}, "transformations": {"value": {"mappingTable": {"value": [{"targetPath": {"value": "$error_type"}, "expression": {"expression": false, "value": "Upload"}}]}, "mappingRoot": {"value": "$"}}}}, "error": {"error0": {"view_type": {"value": "document"}, "label": {"value": "error0"}}, "error_behavior": {"value": "fail"}}, "output": {"output0": {"view_type": {"value": "document"}, "label": {"value": "output0"}}}}, "class_build_tag": "snapsmrc330"}, "e011d8ce-5065-457b-bab9-c437c90f92a7": {"class_fqid": "com-snaplogic-snaps-transform-jsonsplitter_1-snapsmrc330", "class_id": "com-snaplogic-snaps-transform-jsonsplitter", "class_version": 1, "instance_fqid": "e011d8ce-5065-457b-bab9-c437c90f92a7_1", "instance_id": "e011d8ce-5065-457b-bab9-c437c90f92a7", "instance_version": 1, "property_map": {"info": {"notes": {"value": null}, "label": {"value": "Split Errors"}}, "view_serial": 100, "input": {"input0": {"label": {"value": "input0"}, "view_type": {"value": "document"}}}, "settings": {"nullSafeAccess": {"value": true}, "includeParents": {"value": false}, "includePaths": {"value": []}, "path": {"value": "$Results[*].Errors"}}, "error": {"error0": {"label": {"value": "error0"}, "view_type": {"value": "document"}}, "error_behavior": {"value": "fail"}}, "output": {"output0": {"label": {"value": "output0"}, "view_type": {"value": "document"}}}}, "class_build_tag": "snapsmrc330"}, "f949ac4b-9b0d-40ad-bd23-01e890f50a81": {"class_fqid": "com-snaplogic-snaps-transform-datatransform_4-snapsmrc330", "class_id": "com-snaplogic-snaps-transform-datatransform", "class_version": 4, "instance_fqid": "f949ac4b-9b0d-40ad-bd23-01e890f50a81_1", "instance_id": "f949ac4b-9b0d-40ad-bd23-01e890f50a81", "instance_version": 1, "property_map": {"info": {"notes": {"value": null}, "label": {"value": "Mapper3"}}, "view_serial": 100, "input": {"input0": {"label": {"value": "input0"}, "view_type": {"value": "document"}}}, "settings": {"nullSafeAccess": {"value": true}, "passThrough": {"value": false}, "transformations": {"value": {"mappingTable": {"value": [{"targetPath": {"value": "$source.export_id"}, "expression": {"expression": true, "value": "$original.original.ExportID"}}, {"targetPath": {"value": "$source.workspace"}, "expression": {"expression": true, "value": "$original.original.Workspace"}}, {"targetPath": {"value": "$source.model"}, "expression": {"expression": true, "value": "$original.original.Model"}}, {"targetPath": {"value": "$source.filename"}, "expression": {"expression": true, "value": "$original.serverFilename"}}, {"targetPath": {"value": "$target.workspace"}, "expression": {"expression": true, "value": "$original.Workspace"}}, {"targetPath": {"value": "$target.model"}, "expression": {"expression": true, "value": "$original.Model"}}, {"targetPath": {"value": "$target.action_name"}, "expression": {"expression": true, "value": "$ProcessName"}}, {"targetPath": {"value": "$status"}, "expression": {"expression": true, "value": "$Process"}}, {"targetPath": {"value": "$summary"}, "expression": {"expression": true, "value": "jsonPath($, \"$Results[*].Details[*]\")"}}]}, "mappingRoot": {"value": "$"}}}}, "error": {"error0": {"label": {"value": "error0"}, "view_type": {"value": "document"}}, "error_behavior": {"value": "fail"}}, "output": {"output0": {"label": {"value": "output0"}, "view_type": {"value": "document"}}}}, "class_build_tag": "snapsmrc330"}, "d46ff8ca-62f5-4777-8cd5-7435f011a399": {"class_fqid": "com-snaplogic-snaps-transform-datatransform_4-snapsmrc330", "class_id": "com-snaplogic-snaps-transform-datatransform", "class_version": 4, "instance_fqid": "d46ff8ca-62f5-4777-8cd5-7435f011a399_1", "instance_id": "d46ff8ca-62f5-4777-8cd5-7435f011a399", "instance_version": 1, "property_map": {"info": {"notes": {"value": null}, "label": {"value": "Map Email Fields"}}, "view_serial": 100, "input": {"input0": {"label": {"value": "input0"}, "view_type": {"value": "document"}}}, "settings": {"nullSafeAccess": {"value": true}, "passThrough": {"value": false}, "transformations": {"value": {"mappingTable": {"value": [{"targetPath": {"value": "$source.export_id"}, "expression": {"expression": true, "value": "_export_id"}}, {"targetPath": {"value": "$source.workspace"}, "expression": {"expression": true, "value": "_source_workspace"}}, {"targetPath": {"value": "$source.model"}, "expression": {"expression": true, "value": "_source_model"}}, {"targetPath": {"value": "$source.filename"}, "expression": {"expression": true, "value": "_filename"}}, {"targetPath": {"value": "$target.workspace"}, "expression": {"expression": true, "value": "_target_workspace"}}, {"targetPath": {"value": "$target.model"}, "expression": {"expression": true, "value": "_target_model"}}, {"targetPath": {"value": "$target.action_name"}, "expression": {"expression": true, "value": "_export_id"}}, {"targetPath": {"value": "$status"}, "expression": {"expression": true, "value": "$reason"}}, {"targetPath": {"value": "$summary"}, "expression": {"expression": true, "value": "$stacktrace"}}]}, "mappingRoot": {"value": "$"}}}}, "error": {"error0": {"label": {"value": "error0"}, "view_type": {"value": "document"}}, "error_behavior": {"value": "fail"}}, "output": {"output0": {"label": {"value": "output0"}, "view_type": {"value": "document"}}}}, "class_build_tag": "snapsmrc330"}, "52c15975-f205-491b-bc6a-7c317806b617": {"class_fqid": "com-snaplogic-snaps-email-emailsender_2-snapsmrc330", "class_id": "com-snaplogic-snaps-email-emailsender", "class_version": 2, "instance_fqid": "52c15975-f205-491b-bc6a-7c317806b617_2", "instance_id": "52c15975-f205-491b-bc6a-7c317806b617", "instance_version": 2, "property_map": {"info": {"notes": {"value": null}, "label": {"value": "Email Sender"}}, "view_serial": 102, "account": {"account_ref": {"expression": true, "value": "_Email"}}, "input": {"input101": {"view_type": {"value": "document"}, "label": {"value": "input0"}}}, "settings": {"cc": {"expression": false, "value": null}, "bcc": {"expression": false, "value": null}, "body": {"expression": true, "value": "'SnapLogic successfully exported but with failures:\\n\\nSource Workspace: ' + $source.workspace + '\\nSource Model: ' + $source.model + '\\nExport ID: ' + $source.export_id + '\\n\\nTarget Workspace: ' + $target.workspace + '\\nTarget Model: ' + $target.model + '\\nAction Name: ' + $target.action_name + '\\n\\nSummary:\\n\\n' + $summary"}, "retries": {"value": 3}, "execution_mode": {"value": "Execute only"}, "from": {"expression": false, "value": "username@snaplogic.com"}, "subject": {"expression": true, "value": "'Import complete but with failures - ' + $target.action_name + ' - ' + $status"}, "attachments": {"value": [{"url": {"expression": true, "value": "$filename"}}]}, "passThrough": {"value": true}, "emailType": {"value": "Plain text"}, "executable_during_suggest": {"value": false}, "batchSize": {"value": 100}, "to": {"expression": false, "value": "username@snaplogic.com"}, "tableDataPath": {"value": null}}, "error": {"error0": {"label": {"value": "error0"}, "view_type": {"value": "document"}}, "error_behavior": {"value": "fail"}}, "output": {"output102": {"view_type": {"value": "document"}, "label": {"value": "output0"}}}}, "class_build_tag": "snapsmrc330"}, "21fdd345-7bb4-4228-9ccb-84f7141dce13": {"class_fqid": "com-snaplogic-snaps-transform-datatransform_4-snapsmrc330", "class_id": "com-snaplogic-snaps-transform-datatransform", "class_version": 4, "instance_fqid": "21fdd345-7bb4-4228-9ccb-84f7141dce13_1", "instance_id": "21fdd345-7bb4-4228-9ccb-84f7141dce13", "instance_version": 1, "property_map": {"info": {"notes": {"value": null}, "label": {"value": "Set Import Flag"}}, "view_serial": 100, "input": {"input0": {"view_type": {"value": "document"}, "label": {"value": "input0"}}}, "settings": {"nullSafeAccess": {"value": false}, "passThrough": {"value": true}, "transformations": {"value": {"mappingTable": {"value": [{"targetPath": {"value": "$error_type"}, "expression": {"expression": false, "value": "Import"}}]}, "mappingRoot": {"value": "$"}}}}, "error": {"error0": {"view_type": {"value": "document"}, "label": {"value": "error0"}}, "error_behavior": {"value": "fail"}}, "output": {"output0": {"view_type": {"value": "document"}, "label": {"value": "output0"}}}}, "class_build_tag": "snapsmrc330"}, "d07716e3-9a7c-48aa-ac68-280c5ab831df": {"class_fqid": "com-snaplogic-snaps-transform-datatransform_4-snapsmrc330", "class_id": "com-snaplogic-snaps-transform-datatransform", "class_version": 4, "instance_fqid": "d07716e3-9a7c-48aa-ac68-280c5ab831df_1", "instance_id": "d07716e3-9a7c-48aa-ac68-280c5ab831df", "instance_version": 1, "property_map": {"info": {"notes": {"value": null}, "label": {"value": "Map Email Fields"}}, "view_serial": 100, "input": {"input0": {"label": {"value": "input0"}, "view_type": {"value": "document"}}}, "settings": {"nullSafeAccess": {"value": true}, "passThrough": {"value": false}, "transformations": {"value": {"mappingTable": {"value": [{"targetPath": {"value": "$source.export_id"}, "expression": {"expression": true, "value": "_export_id"}}, {"targetPath": {"value": "$source.workspace"}, "expression": {"expression": true, "value": "_source_workspace"}}, {"targetPath": {"value": "$source.model"}, "expression": {"expression": true, "value": "_source_model"}}, {"targetPath": {"value": "$source.filename"}, "expression": {"expression": true, "value": "_filename"}}, {"targetPath": {"value": "$target.workspace"}, "expression": {"expression": true, "value": "_target_workspace"}}, {"targetPath": {"value": "$target.model"}, "expression": {"expression": true, "value": "_target_model"}}, {"targetPath": {"value": "$target.action_name"}, "expression": {"expression": true, "value": "_export_id"}}, {"targetPath": {"value": "$status"}, "expression": {"expression": true, "value": "$reason"}}, {"targetPath": {"value": "$summary"}, "expression": {"expression": true, "value": "$stacktrace"}}]}, "mappingRoot": {"value": "$"}}}}, "error": {"error0": {"label": {"value": "error0"}, "view_type": {"value": "document"}}, "error_behavior": {"value": "fail"}}, "output": {"output0": {"label": {"value": "output0"}, "view_type": {"value": "document"}}}}, "class_build_tag": "snapsmrc330"}, "ac60a0c5-7b56-40dc-83de-bb27101aa31d": {"class_fqid": "com-snaplogic-snaps-email-emailsender_2-snapsmrc330", "class_id": "com-snaplogic-snaps-email-emailsender", "class_version": 2, "instance_fqid": "ac60a0c5-7b56-40dc-83de-bb27101aa31d_3", "instance_id": "ac60a0c5-7b56-40dc-83de-bb27101aa31d", "instance_version": 3, "property_map": {"info": {"notes": {"value": null}, "label": {"value": "Email Sender"}}, "view_serial": 102, "account": {"account_ref": {"value": "_Email", "expression": true}}, "settings": {"cc": {"expression": false, "value": null}, "bcc": {"value": null, "expression": false}, "body": {"expression": true, "value": "'SnapLogic unsuccessfully exported:\\n\\nSource Workspace: ' + $source.workspace + '\\nSource Model: ' + $source.model + '\\nExport ID: ' + $source.export_id + '\\n\\nTarget Workspace: ' + $target.workspace + '\\nTarget Model: ' + $target.model + '\\nAction Name: ' + $target.action_name + '\\n\\nSummary:\\n\\n' + $summary"}, "retries": {"value": 3}, "execution_mode": {"value": "Validate & Execute"}, "from": {"expression": false, "value": "rich@snaplogic.com"}, "subject": {"expression": true, "value": "'Failure! Upload Error - ' + $source.filename + ' - ' + $status"}, "attachments": {"value": []}, "passThrough": {"value": false}, "emailType": {"value": "Plain text"}, "executable_during_suggest": {"value": true}, "batchSize": {"value": 100}, "to": {"expression": false, "value": "rdill@snaplogic.com"}, "tableDataPath": {"value": null}}, "output": {"output102": {"label": {"value": "output0"}, "view_type": {"value": "document"}}}, "error": {"error0": {"view_type": {"value": "document"}, "label": {"value": "error0"}}, "error_behavior": {"value": "fail"}}, "input": {"input101": {"label": {"value": "input0"}, "view_type": {"value": "document"}}}}, "class_build_tag": "snapsmrc330"}, "01503871-c396-4f2b-8d48-41e637374f34": {"class_fqid": "com-snaplogic-snaps-flow-copy_1-snapsmrc330", "class_id": "com-snaplogic-snaps-flow-copy", "class_version": 1, "instance_fqid": "01503871-c396-4f2b-8d48-41e637374f34_1", "instance_id": "01503871-c396-4f2b-8d48-41e637374f34", "instance_version": 1, "property_map": {"info": {"label": {"value": "Copy"}}, "view_serial": 100, "input": {"input0": {"view_type": {"value": "document"}, "label": {"value": "input0"}}}, "settings": {}, "error": {"error0": {"view_type": {"value": "document"}, "label": {"value": "error0"}}, "error_behavior": {"value": "fail"}}, "output": {"output0": {"view_type": {"value": "document"}, "label": {"value": "output0"}}, "output1": {"view_type": {"value": "document"}, "label": {"value": "output1"}}}}, "class_build_tag": "snapsmrc330"}, "1b5b5621-9ac6-43f0-9094-2549e82a03c8": {"class_fqid": "com-snaplogic-snaps-flow-union_2-snapsmrc330", "class_id": "com-snaplogic-snaps-flow-union", "class_version": 2, "instance_fqid": "1b5b5621-9ac6-43f0-9094-2549e82a03c8_1", "instance_id": "1b5b5621-9ac6-43f0-9094-2549e82a03c8", "instance_version": 1, "property_map": {"info": {"notes": {"value": null}, "label": {"value": "Union"}}, "view_serial": 101, "input": {"input0": {"view_type": {"value": "document"}, "label": {"value": "Import"}}, "input1": {"view_type": {"value": "document"}, "label": {"value": "Export"}}, "input101": {"label": {"value": "Upload"}, "view_type": {"value": "document"}}}, "settings": {}, "error": {"error0": {"view_type": {"value": "document"}, "label": {"value": "error0"}}, "error_behavior": {"value": "fail"}}, "output": {"output0": {"view_type": {"value": "document"}, "label": {"value": "output0"}}}}, "class_build_tag": "snapsmrc330"}, "a3218eed-6d4a-473e-9061-2a3243f034d9": {"class_fqid": "com-snaplogic-snaps-flow-exit_1-snapsmrc330", "class_id": "com-snaplogic-snaps-flow-exit", "class_version": 1, "instance_fqid": "a3218eed-6d4a-473e-9061-2a3243f034d9_1", "instance_id": "a3218eed-6d4a-473e-9061-2a3243f034d9", "instance_version": 1, "property_map": {"info": {"notes": {"value": null}, "label": {"value": "Exit Import Error"}}, "view_serial": 100, "error": {"error_behavior": {"value": "fail"}}, "input": {"input0": {"view_type": {"value": "document"}, "label": {"value": "input0"}}}, "settings": {"KeyThresholdLimit": {"expression": false, "value": 1}, "KeyErrorMsg": {"expression": false, "value": "Import complete but with failures"}}}, "class_build_tag": "snapsmrc330"}, "021912a9-f774-42c4-a2ec-ae06569ef5c7": {"class_fqid": "com-snaplogic-snaps-transform-multijoin_1-snapsmrc330", "class_id": "com-snaplogic-snaps-transform-multijoin", "class_version": 1, "instance_fqid": "021912a9-f774-42c4-a2ec-ae06569ef5c7_1", "instance_id": "021912a9-f774-42c4-a2ec-ae06569ef5c7", "instance_version": 1, "property_map": {"info": {"notes": {"value": null}, "label": {"value": "Merge Summary Attachment"}}, "view_serial": 100, "input": {"input0": {"label": {"value": "input0"}, "view_type": {"value": "document"}}, "input1": {"label": {"value": "input1"}, "view_type": {"value": "document"}}}, "settings": {"nullGreater": {"value": false}, "nullSafeAccess": {"value": false}, "noMatchData": {"value": false}, "joinPaths": {"value": [{"rightPath": {"expression": true, "value": "true"}, "rightInputView": {"value": "input1"}, "leftPath": {"expression": true, "value": "true"}}]}, "joinType": {"value": "Inner"}, "sortedStreams": {"value": "Ascending"}}, "error": {"error0": {"label": {"value": "error0"}, "view_type": {"value": "document"}}, "error_behavior": {"value": "fail"}}, "output": {"output0": {"label": {"value": "output0"}, "view_type": {"value": "document"}}}}, "class_build_tag": "snapsmrc330"}, "521741f6-84c5-40da-90d0-9fa9c01f2379": {"class_fqid": "com-snaplogic-snaps-flow-exit_1-snapsmrc330", "class_id": "com-snaplogic-snaps-flow-exit", "class_version": 1, "instance_fqid": "521741f6-84c5-40da-90d0-9fa9c01f2379_1", "instance_id": "521741f6-84c5-40da-90d0-9fa9c01f2379", "instance_version": 1, "property_map": {"info": {"notes": {"value": null}, "label": {"value": "Exit Upload Error"}}, "view_serial": 100, "settings": {"KeyThresholdLimit": {"expression": false, "value": 1}, "KeyErrorMsg": {"expression": false, "value": "Upload failed"}}, "input": {"input0": {"label": {"value": "input0"}, "view_type": {"value": "document"}}}, "error": {"error_behavior": {"value": "fail"}}}, "class_build_tag": "snapsmrc330"}, "4d0a2de3-0499-43d4-8c86-5372f8e87288": {"class_fqid": "com-snaplogic-snaps-binary-delete_1-snapsmrc330", "class_id": "com-snaplogic-snaps-binary-delete", "class_version": 1, "instance_fqid": "4d0a2de3-0499-43d4-8c86-5372f8e87288_1", "instance_id": "4d0a2de3-0499-43d4-8c86-5372f8e87288", "instance_version": 1, "property_map": {"info": {"notes": {"value": null}, "label": {"value": "Delete Attachment"}}, "view_serial": 102, "account": {"account_ref": {"value": {}}}, "settings": {"execution_mode": {"value": "Validate & Execute"}, "executable_during_suggest": {"value": true}, "filePath": {"expression": true, "value": "$original.filename"}}, "output": {"output102": {"view_type": {"value": "document"}, "label": {"value": "output0"}}}, "error": {"error0": {"label": {"value": "error0"}, "view_type": {"value": "document"}}, "error_behavior": {"value": "fail"}}, "input": {"input101": {"view_type": {"value": "document"}, "label": {"value": "input0"}}}}, "class_build_tag": "snapsmrc330"}, "475e130f-c319-4132-ba87-8c62cd674868": {"class_fqid": "com-snaplogic-snaps-email-emailsender_2-snapsmrc330", "class_id": "com-snaplogic-snaps-email-emailsender", "class_version": 2, "instance_fqid": "475e130f-c319-4132-ba87-8c62cd674868_2", "instance_id": "475e130f-c319-4132-ba87-8c62cd674868", "instance_version": 2, "property_map": {"info": {"notes": {"value": null}, "label": {"value": "Email Sender"}}, "view_serial": 102, "account": {"account_ref": {"value": "_Email", "expression": true}}, "settings": {"cc": {"expression": false, "value": null}, "bcc": {"value": null, "expression": false}, "body": {"expression": true, "value": "'SnapLogic unsuccessfully exported:\\n\\nSource Workspace: ' + $source.workspace + '\\nSource Model: ' + $source.model + '\\nExport ID: ' + $source.export_id + '\\n\\nTarget Workspace: ' + $target.workspace + '\\nTarget Model: ' + $target.model + '\\nAction Name: ' + $target.action_name + '\\n\\nSummary:\\n\\n' + $summary"}, "retries": {"value": 3}, "execution_mode": {"value": "Validate & Execute"}, "from": {"expression": false, "value": "rich@snaplogic.com"}, "subject": {"expression": true, "value": "'Failure! Export Error - ' + $source.export_id + ' - ' + $status"}, "attachments": {"value": []}, "passThrough": {"value": false}, "emailType": {"value": "Plain text"}, "executable_during_suggest": {"value": true}, "batchSize": {"value": 100}, "to": {"expression": false, "value": "rdill@snaplogic.com"}, "tableDataPath": {"value": null}}, "output": {"output102": {"label": {"value": "output0"}, "view_type": {"value": "document"}}}, "error": {"error0": {"view_type": {"value": "document"}, "label": {"value": "error0"}}, "error_behavior": {"value": "fail"}}, "input": {"input101": {"label": {"value": "input0"}, "view_type": {"value": "document"}}}}, "class_build_tag": "snapsmrc330"}, "2f143d23-cd69-45a3-a891-577bf849f18b": {"class_fqid": "com-snaplogic-snaps-transform-excelformatter_3-snapsmrc330", "class_id": "com-snaplogic-snaps-transform-excelformatter", "class_version": 3, "instance_fqid": "2f143d23-cd69-45a3-a891-577bf849f18b_1", "instance_id": "2f143d23-cd69-45a3-a891-577bf849f18b", "instance_version": 1, "property_map": {"info": {"notes": {"value": null}, "label": {"value": "Excel Formatter"}}, "view_serial": 100, "input": {"input0": {"view_type": {"value": "document"}, "label": {"value": "input0"}}}, "settings": {"writeHeaderProp": {"value": true}, "ignoreEmptyStream": {"value": true}, "convertNumericString": {"value": true}, "sheetNameProp": {"value": "Error"}}, "error": {"error0": {"view_type": {"value": "document"}, "label": {"value": "error0"}}, "error_behavior": {"value": "fail"}}, "output": {"output0": {"view_type": {"value": "binary"}, "label": {"value": "output0"}}}}, "class_build_tag": "snapsmrc330"}, "ba88e0ff-b324-43a2-a419-4de80d96ada3": {"class_fqid": "com-snaplogic-snaps-flow-tail_1-snapsmrc330", "class_id": "com-snaplogic-snaps-flow-tail", "class_version": 1, "instance_fqid": "ba88e0ff-b324-43a2-a419-4de80d96ada3_1", "instance_id": "ba88e0ff-b324-43a2-a419-4de80d96ada3", "instance_version": 1, "property_map": {"info": {"label": {"value": "Tail"}}, "view_serial": 100, "input": {"input0": {"label": {"value": "input0"}, "view_type": {"value": "document"}}}, "settings": {"numOfDocs": {"value": 1}, "offset": {"value": 0}}, "error": {"error0": {"label": {"value": "error0"}, "view_type": {"value": "document"}}, "error_behavior": {"value": "fail"}}, "output": {"output0": {"label": {"value": "output0"}, "view_type": {"value": "document"}}}}, "class_build_tag": "snapsmrc330"}, "8d2409b6-3b27-4d36-bd50-a6d7864e0244": {"class_fqid": "com-snaplogic-snaps-binary-write_3-snapsmrc330", "class_id": "com-snaplogic-snaps-binary-write", "class_version": 3, "instance_fqid": "8d2409b6-3b27-4d36-bd50-a6d7864e0244_1", "instance_id": "8d2409b6-3b27-4d36-bd50-a6d7864e0244", "instance_version": 1, "property_map": {"info": {"notes": {"value": null}, "label": {"value": "Create Attachment"}}, "view_serial": 101, "account": {"account_ref": {"value": {}}}, "settings": {"execution_mode": {"value": "Validate & Execute"}, "writeHeader": {"value": false}, "executable_during_suggest": {"value": true}, "filename": {"value": "errors.xls", "expression": false}, "UserPermissionsKey": {"value": []}, "fileAction": {"value": "OVERWRITE"}}, "output": {"output101": {"view_type": {"value": "document"}, "label": {"value": "output0"}}}, "error": {"error0": {"label": {"value": "error0"}, "view_type": {"value": "document"}}, "error_behavior": {"value": "fail"}}, "input": {"input0": {"label": {"value": "input0"}, "view_type": {"value": "binary"}}}}, "class_build_tag": "snapsmrc330"}, "dc93e34f-5702-49e2-8e8a-572a858d177e": {"class_fqid": "com-snaplogic-snaps-flow-router_2-snapsmrc330", "class_id": "com-snaplogic-snaps-flow-router", "class_version": 2, "instance_fqid": "dc93e34f-5702-49e2-8e8a-572a858d177e_1", "instance_id": "dc93e34f-5702-49e2-8e8a-572a858d177e", "instance_version": 1, "property_map": {"info": {"notes": {"value": null}, "label": {"value": "Router"}}, "view_serial": 101, "input": {"input0": {"label": {"value": "input0"}, "view_type": {"value": "document"}}}, "settings": {"routes": {"value": [{"expression": {"expression": true, "value": "$error_type == 'Upload'"}, "outputViewName": {"value": "Upload"}}, {"expression": {"expression": true, "value": "$error_type == 'Export'"}, "outputViewName": {"value": "Export"}}, {"expression": {"expression": true, "value": "$error_type == 'Import'"}, "outputViewName": {"value": "Import"}}]}, "firstMatch": {"value": true}}, "error": {"error0": {"label": {"value": "error0"}, "view_type": {"value": "document"}}, "error_behavior": {"value": "fail"}}, "output": {"output0": {"label": {"value": "Upload"}, "view_type": {"value": "document"}}, "output1": {"label": {"value": "Export"}, "view_type": {"value": "document"}}, "output101": {"view_type": {"value": "document"}, "label": {"value": "Import"}}}}, "class_build_tag": "snapsmrc330"}}, "link_map": {"link111": {"src_view_id": "output102", "dst_view_id": "input0", "src_id": "475e130f-c319-4132-ba87-8c62cd674868", "dst_id": "796dc291-7b78-463f-9bc7-c5e961d89196"}, "link110": {"src_view_id": "output1", "dst_view_id": "input0", "src_id": "dc93e34f-5702-49e2-8e8a-572a858d177e", "dst_id": "d46ff8ca-62f5-4777-8cd5-7435f011a399"}, "link113": {"src_view_id": "output0", "dst_view_id": "input101", "src_id": "2ac054b9-5e4b-421a-b9bc-d746406aca64", "dst_id": "1b5b5621-9ac6-43f0-9094-2549e82a03c8"}, "link112": {"src_view_id": "output0", "dst_view_id": "input101", "src_id": "d46ff8ca-62f5-4777-8cd5-7435f011a399", "dst_id": "475e130f-c319-4132-ba87-8c62cd674868"}, "link120": {"src_view_id": "output0", "dst_view_id": "input1", "src_id": "25f30fd7-3e83-40f6-970b-0225c4fb73c4", "dst_id": "1b5b5621-9ac6-43f0-9094-2549e82a03c8"}, "link114": {"src_view_id": "output102", "dst_view_id": "input0", "src_id": "ac60a0c5-7b56-40dc-83de-bb27101aa31d", "dst_id": "521741f6-84c5-40da-90d0-9fa9c01f2379"}, "link108": {"src_view_id": "output0", "dst_view_id": "input0", "src_id": "f949ac4b-9b0d-40ad-bd23-01e890f50a81", "dst_id": "021912a9-f774-42c4-a2ec-ae06569ef5c7"}, "link116": {"src_view_id": "output0", "dst_view_id": "input0", "src_id": "01503871-c396-4f2b-8d48-41e637374f34", "dst_id": "f949ac4b-9b0d-40ad-bd23-01e890f50a81"}, "link106": {"src_view_id": "output101", "dst_view_id": "input0", "src_id": "8d2409b6-3b27-4d36-bd50-a6d7864e0244", "dst_id": "ba88e0ff-b324-43a2-a419-4de80d96ada3"}, "link107": {"src_view_id": "output0", "dst_view_id": "input0", "src_id": "dc93e34f-5702-49e2-8e8a-572a858d177e", "dst_id": "d07716e3-9a7c-48aa-ac68-280c5ab831df"}, "link104": {"src_view_id": "output0", "dst_view_id": "input0", "src_id": "2f143d23-cd69-45a3-a891-577bf849f18b", "dst_id": "8d2409b6-3b27-4d36-bd50-a6d7864e0244"}, "link109": {"src_view_id": "output0", "dst_view_id": "input0", "src_id": "21fdd345-7bb4-4228-9ccb-84f7141dce13", "dst_id": "1b5b5621-9ac6-43f0-9094-2549e82a03c8"}, "link102": {"src_view_id": "output1", "dst_view_id": "input0", "src_id": "01503871-c396-4f2b-8d48-41e637374f34", "dst_id": "e011d8ce-5065-457b-bab9-c437c90f92a7"}, "link103": {"src_view_id": "output0", "dst_view_id": "input101", "src_id": "021912a9-f774-42c4-a2ec-ae06569ef5c7", "dst_id": "52c15975-f205-491b-bc6a-7c317806b617"}, "link100": {"src_view_id": "output102", "dst_view_id": "input101", "src_id": "52c15975-f205-491b-bc6a-7c317806b617", "dst_id": "4d0a2de3-0499-43d4-8c86-5372f8e87288"}, "link101": {"src_view_id": "output0", "dst_view_id": "input1", "src_id": "ba88e0ff-b324-43a2-a419-4de80d96ada3", "dst_id": "021912a9-f774-42c4-a2ec-ae06569ef5c7"}, "link119": {"src_view_id": "output0", "dst_view_id": "input101", "src_id": "d07716e3-9a7c-48aa-ac68-280c5ab831df", "dst_id": "ac60a0c5-7b56-40dc-83de-bb27101aa31d"}, "link118": {"src_view_id": "output102", "dst_view_id": "input0", "src_id": "4d0a2de3-0499-43d4-8c86-5372f8e87288", "dst_id": "a3218eed-6d4a-473e-9061-2a3243f034d9"}, "link115": {"src_view_id": "output101", "dst_view_id": "input0", "src_id": "dc93e34f-5702-49e2-8e8a-572a858d177e", "dst_id": "01503871-c396-4f2b-8d48-41e637374f34"}, "link117": {"src_view_id": "output0", "dst_view_id": "input0", "src_id": "1b5b5621-9ac6-43f0-9094-2549e82a03c8", "dst_id": "dc93e34f-5702-49e2-8e8a-572a858d177e"}, "link105": {"src_view_id": "output0", "dst_view_id": "input0", "src_id": "e011d8ce-5065-457b-bab9-c437c90f92a7", "dst_id": "2f143d23-cd69-45a3-a891-577bf849f18b"}}, "class_id": "com-snaplogic-pipeline", "class_version": 9, "instance_id": "84aba4b1-c7eb-4b01-b412-0d2753295d3c", "instance_fqid": "84aba4b1-c7eb-4b01-b412-0d2753295d3c_9", "create_time": {"$date": "2025-10-20T21:19:32.613Z"}, "update_time": {"$date": "2025-10-21T14:53:10.177Z"}, "update_user_id": "rdill+snaplabs@snaplogic.com", "create_user_id": "rdill+snaplabs@snaplogic.com", "migrate_version": "main-35302", "scrub_backup": [], "scrub_version": "bd5ad2571a0eafe60808d55c3e16c0f8e0ae08d67f5369bb3ad9c1921556eb14", "ai_map": {"footprint": "H4sIAAAAAAAAA8srzckBAE/8yyUEAAAA"}, "path": "/snaplogic/Rich Dill/Error Handling/Error Handling, mapping and send email", "snode_id": "68f6a7641000f8d9e5268de9", "project_snode_id": "68f2581ef11e74083f1884cb", "partition_snode_id": "65ef71984520a785b60dfa83", "name": "Error Handling, mapping and send email", "org_id": "645f253d38d05f275aebc8b8", "org_snode_id": "645f253d38d05f275aebc8b8"}], "shared": [], "partition_shared": [], "metadata": {"pattern": false, "disable_cloud_url": false}}